<?xml version="1.0" encoding="UTF-8"?><Services databaseVersion="1273" environmentName="rrlvic.transactcentral.com - POC" exportDate="2014-08-25" revisionNumber="37021" sfmVersion="4.0.5">
  <Service>
    <classnameBeanname>com.avoka.fc.core.service.form.GroovyDynamicDataService</classnameBeanname>
    <testPanelClassname>com.avoka.fc.admin.panel.system.service.GroovyDynamicDataServiceTestPanel</testPanelClassname>
    <serviceCreationMethod>Java Classname</serviceCreationMethod>
    <serviceTypeDefaultFlag>false</serviceTypeDefaultFlag>
    <serviceType>Dynamic Data</serviceType>
    <activeFlag>true</activeFlag>
    <createdAt type="Date">1408941196000</createdAt>
    <createdBy>ppandya@avoka.com</createdBy>
    <lastModifiedAt type="Date">1408943745000</lastModifiedAt>
    <lastModifiedBy>ppandya@avoka.com</lastModifiedBy>
    <description>Provides form lookup form data service by calling a configurable Groovy script</description>
    <serviceName>Users Lookup</serviceName>
    <Client>
      <clientCode/>
    </Client>
    <ServiceParameters>
      <ServiceParameter>
        <value>Warning</value>
        <listValues>Info:Info|Warning:Warning|Error:Error|None:None</listValues>
        <bindParameterFlag>true</bindParameterFlag>
        <createdAt type="Date">1408941196000</createdAt>
        <createdBy>ppandya@avoka.com</createdBy>
        <lastModifiedAt type="Date"/>
        <lastModifiedBy/>
        <description>The service Event Log logging level.</description>
        <name>eventLoggingLevel</name>
        <type>List</type>
      </ServiceParameter>
      <ServiceParameter>
        <value><![CDATA[/* Provides lookup data to form. The User information from Transaction Manager will be returned.

CAUTION: This method only returns the active user account information.

   Script parameters include: 
       form : com.avoka.fc.core.entity.Form
       request : javax.servlet.http.HttpServletRequest
       serviceDefinition : com.avoka.fc.core.entity.ServiceDefinition
       serviceParameters : Map<String, String>
   
   Script return: 
       JSON string data value to be bound into the form data model
*/

import groovy.json.JsonBuilder
import org.apache.commons.lang.StringUtils
import com.avoka.fc.core.dao.UserAccountDao
import com.avoka.fc.core.entity.UserAccount


//import com.avoka.fc.core.service.EventLogService
//EventLogService eventLogService = new EventLogService()

def MAX_GROUPS = 20

// Get params from form
def inputString = request.getParameter("User")
String groupNameKey = inputString == null ? "" : inputString


// Get all users

// Get all users
UserAccountDao uaDao = new UserAccountDao()

// Change the below method call if you want to restrict it further by clineId, portalId etc
List<UserAccount> userAccounts = uaDao.getUserAccountList(null, inputString, null, null, null)

StringBuilder resultBuilder = new StringBuilder()
JsonBuilder json = new JsonBuilder()


for (int i = 0; i < userAccounts.size() && i < 20; i++) {
    UserAccount ua = userAccounts.get(i)
    println ua.getId()
            def user = json {
              userID ua.getId()
              userFullName ua.getGivenName() + " " + ua.getFamilyName()
              userEmail ua.getEmail()
              userGivenName ua.getGivenName()
              userLastName ua.getFamilyName()
            }

            if (resultBuilder.length() > 0) resultBuilder.append(",")
            resultBuilder.append(json.toString())
}



return "[" + resultBuilder.toString() + "]"]]></value>
        <listValues/>
        <bindParameterFlag>true</bindParameterFlag>
        <createdAt type="Date">1408941196000</createdAt>
        <createdBy>ppandya@avoka.com</createdBy>
        <lastModifiedAt type="Date">1408943745000</lastModifiedAt>
        <lastModifiedBy>ppandya@avoka.com</lastModifiedBy>
        <description>The Groovy script to be executed. The output will be converted to a string and streamed back.</description>
        <name>groovyScript</name>
        <type>Groovy Script</type>
      </ServiceParameter>
      <ServiceParameter>
        <value>false</value>
        <listValues/>
        <bindParameterFlag>true</bindParameterFlag>
        <createdAt type="Date">1408941196000</createdAt>
        <createdBy>ppandya@avoka.com</createdBy>
        <lastModifiedAt type="Date"/>
        <lastModifiedBy/>
        <description>Perform Groovy script static type checking.</description>
        <name>groovyTypeChecked</name>
        <type>Boolean</type>
      </ServiceParameter>
      <ServiceParameter>
        <value>text/plain</value>
        <listValues/>
        <bindParameterFlag>true</bindParameterFlag>
        <createdAt type="Date">1408941196000</createdAt>
        <createdBy>ppandya@avoka.com</createdBy>
        <lastModifiedAt type="Date"/>
        <lastModifiedBy/>
        <description>The content type that shall be set on the response to the form.</description>
        <name>responseContentType</name>
        <type>String</type>
      </ServiceParameter>
      <ServiceParameter>
        <value>false</value>
        <listValues/>
        <bindParameterFlag>true</bindParameterFlag>
        <createdAt type="Date">1408941196000</createdAt>
        <createdBy>ppandya@avoka.com</createdBy>
        <lastModifiedAt type="Date"/>
        <lastModifiedBy/>
        <description>If in test mode, most security checks will be skipped.</description>
        <name>testMode</name>
        <type>Boolean</type>
      </ServiceParameter>
      <ServiceParameter>
        <value>false</value>
        <listValues/>
        <bindParameterFlag>true</bindParameterFlag>
        <createdAt type="Date">1408941196000</createdAt>
        <createdBy>ppandya@avoka.com</createdBy>
        <lastModifiedAt type="Date"/>
        <lastModifiedBy/>
        <description>XSS filter request parameters for dangerous characters.</description>
        <name>xssFilterRequestParams</name>
        <type>Boolean</type>
      </ServiceParameter>
    </ServiceParameters>
  </Service>
</Services>
